Mr CW Lee example;email@emailexample.com.my
Mr CW Lee example;email@emailexample.com.my
Mr CW Lee example;email@emailexample.com.my
Mr CW Lee example;email@emailexample.com.my
Mr CW Lee example;email@emailexample.com.my
Mr CW Lee example;email@emailexample.com.my
Mr CW Lee example;email@emailexample.com.my
Mr CW Lee example;email@emailexample.com.my
Mr CW Lee example;email@emailexample.com.my
Mr CW Lee example;email@emailexample.com.my
Mr CW Lee example;email@emailexample.com.my
Mr CW Lee example;email@emailexample.com.my
Mr CW Lee example;email@emailexample.com.my
Mr CW Lee example;email@emailexample.com.my
Mr CW Lee example;email@emailexample.com.my
Mr CW Lee example;email@emailexample.com.my
Mr CW Lee example;email@emailexample.com.my
Mr CW Lee example;email@emailexample.com.my
Mr CW Lee example;email@emailexample.com.my
Mr CW Lee example;email@emailexample.com.my
Mr CW Lee example;email@emailexample.com.my
Mr CW Lee example;email@emailexample.com.my
Mr CW Lee example;email@emailexample.com.my
Mr CW Lee example;email@emailexample.com.my
Mr CW Lee example;email@emailexample.com.my
Mr CW Lee example;email@emailexample.com.my
Mr CW Lee example;email@emailexample.com.my
Mr CW Lee example;email@emailexample.com.my
Mr CW Lee example;email@emailexample.com.my
Mr CW Lee example;email@emailexample.com.my
Mr CW Lee example;email@emailexample.com.my
Mr CW Lee example;email@emailexample.com.my
Mr CW Lee example;email@emailexample.com.my
Mr CW Lee example;email@emailexample.com.my
Mr CW Lee example;email@emailexample.com.my
Mr CW Lee example;email@emailexample.com.my
Mr CW Lee example;email@emailexample.com.my
Mr CW Lee example;email@emailexample.com.my
Mr CW Lee example;email@emailexample.com.my
Mr CW Lee example;email@emailexample.com.my
Mr CW Lee example;email@emailexample.com.my
Mr CW Lee example;email@emailexample.com.my
Mr CW Lee example;email@emailexample.com.my
Mr CW Lee example;email@emailexample.com.my
Mr CW Lee example;email@emailexample.com.my
Mr CW Lee example;email@emailexample.com.my
Mr CW Lee example;email@emailexample.com.my
Mr CW Lee example;email@emailexample.com.my
Mr CW Lee example;email@emailexample.com.my
Mr CW Lee example;email@emailexample.com.my
Mr CW Lee example;email@emailexample.com.my
Mr CW Lee example;email@emailexample.com.my
Mr CW Lee example;email@emailexample.com.my
Mr CW Lee example;email@emailexample.com.my
Mr CW Lee example;email@emailexample.com.my
Mr CW Lee example;email@emailexample.com.my
Mr CW Lee example;email@emailexample.com.my
Mr CW Lee example;email@emailexample.com.my
Mr CW Lee example;email@emailexample.com.my
Mr CW Lee example;email@emailexample.com.my
Mr CW Lee example;email@emailexample.com.my
Mr CW Lee example;email@emailexample.com.my
Mr CW Lee example;email@emailexample.com.my
Mr CW Lee example;email@emailexample.com.my
Mr CW Lee example;email@emailexample.com.my
Mr CW Lee example;email@emailexample.com.my
Mr CW Lee example;email@emailexample.com.my
Mr CW Lee example;email@emailexample.com.my
Mr CW Lee example;email@emailexample.com.my
Mr CW Lee example;email@emailexample.com.my
Mr CW Lee example;email@emailexample.com.my
Mr CW Lee example;email@emailexample.com.my
Mr CW Lee example;email@emailexample.com.my
Mr CW Lee example;email@emailexample.com.my
Mr CW Lee example;email@emailexample.com.my
Mr CW Lee example;email@emailexample.com.my
Mr CW Lee example;email@emailexample.com.my
Mr CW Lee example;email@emailexample.com.my
Mr CW Lee example;email@emailexample.com.my
Mr CW Lee example;email@emailexample.com.my
